name,address,source,rating,reviews,positive_words,negative_words,prices,price,services,lat,lon
Патронажная служба,"Ленинский проспект, 42 к1-2-3",2GIS,4.9,430.0,16,4,False,,,55.702537,37.566957
"Legacy, пансионат для пожилых людей","улица Улофа Пальме, 1",2GIS,5.0,424.0,0,0,True,1300.0,Поддержка Для лежачих больных и пожилых с ограниченными возможностями гигиенический уход питание реабилитация после травм Проживание в комфортабельном номере,55.717812,37.511862
"Ритм, дом престарелых","Осоргино деревня, 159а",2GIS,0.0,0.0,0,0,False,,,55.635841,37.228388
SM-pension,"Садовая ул., 35А, ТЛПХ Подлипки, д. Малое Видное",Yandex,4.9,123.0,4,2,True,1650.0,Размещение в многоместном номере | Размещение в трехместном номере | Размещение в двухместном номере | Размещение в одноместном номере,55.574607,37.752645
Геронтологический центр Юго-западный филиал Геронтологический центр для ветеранов войны Коньково,"Профсоюзная ул., 140, корп. 6",Yandex,4.3,99.0,6,0,False,,,,
Столетник,"село Никулино, 70",Yandex,5.0,98.0,3,0,True,1550.0,"Пребывание самостоятельного постояльца | Инвалиды. Уход. Помощь в передвижении | Лежачие, требующие ухода постояльцы | Тяжёлые, лежачие постояльцы",,
Золотая пора,"Центральная ул., 2, д. Лугинино",Yandex,5.0,98.0,1,1,False,,,,
Академия Долголетия,"д. Глазынино, 35",Yandex,4.9,94.0,2,1,True,1700.0,Уход при болезни Альцгеймера | Уход при болезни Паркинсона у пожилых | Уход при деменции за пожилым человеком | Уход за маломобильными пожилыми | Уход за лежачими пожилыми людьми | Дом престарелых | Соляная комната | Реабилитация после перелома шейки бедра | Реабилитация после инсульта для пожилых | Реабилитация после инфаркта для пожилых | Осмотр врача-психиатра | Осмотр врача-гериатра,,
Vip-пенсионер,"Сиреневая ул., 26, село Тарасовка",Yandex,5.0,92.0,9,0,True,2300.0,Размещение в 4х местном номере | Размещение в 2х местном номере | Консультация с директором по телефону,55.955119,37.843852
Аннушка,"Парковая ул., 7, д. Мишуткино",Yandex,4.9,83.0,3,0,False,,,56.030532,35.963019
GreenDay,"посёлок Спартак, 4",Yandex,4.9,79.0,4,0,False,,,,
Ника,"ул. Светлая Поляна, 94",Yandex,5.0,79.0,9,0,True,1900.0,4-х местный номер | 3-х местный номер | 2-х местный номер | 1 местный номер,,
Опека,"ул. Габричевского, 5, корп. 8",Yandex,4.5,77.0,5,0,True,11000.0,"1-местное Комфорт | 1-местное ""Всё включено"" | 1-местное | 2-местное | 3-местное | 4-местное | 5-местное | Восстановление после перелома шейки бедра | Программа восстановительного лечения | Паллиативная помощь и выхаживание | АВП для пациентов с когнитивными нарушениями | АВП для пациентов с хронической сердечной недостаточностью | Восстановление после инсульта",55.81425,37.456596
Частный пансионат для пожилых SM-pension,"Новгородская ул., 49, Балашиха",Yandex,5.0,76.0,3,2,True,1650.0,Размещение в многоместном номере | Размещение в трехместном номере | Размещение в двухместном номере | Размещение в одноместном номере,55.803558,38.041329
Kartino Village Club,"д. Картино, 6В",Yandex,5.0,76.0,7,0,True,1800.0,"Проживание для самостоятельных людей. Одноместное размещение с учетом скидок | Проживание для самостоятельных людей. Двухместное размещение с учетом скидок | Проживание для самостоятельных людей. Трехместное размещение с учетом скидок | Проживание для самостоятельных людей. Четырехместное размещение с учетом скидок | Программа проживания «Нужен Помощник». Одноместное размещение | Программа проживания «Нужен Помощник». Двухместное размещение | Программа проживания «Нужен Помощник». Трехместное размещение | Программа проживания «Нужен Помощник». Четырехместное размещение | Программа проживания «Полный уход». Одноместное размещение | Программа проживания «Полный уход». Двухместное размещение | Программа проживания «Полный уход». Трехместное размещение | Программа проживания «Полный уход». Четырехместное размещение | Реабилитация после Ковид, после инсульта, после переломов.ов.",,
Сениор Групп,"ул. Константинова, 42, п. г. т. Малаховка",Yandex,4.8,73.0,4,1,True,,"Тест микробиоты с интерпретацией результата | Генетический тест с интерпретацией результата | Тест ""Полный геном"" с интерпретацией результата",55.65306,37.996911
Купава Социальный Гериатрический центр,"ул. Кирова, 23, Старая Купавна",Yandex,5.0,66.0,3,1,True,4000.0,Уход за больными Альцгеймером | Уход за больными деменцией | Уход за больными Паркинсоном | Уход за лежачими больными | Уход в послеоперационный период | Уход при онкозаболеваниях | Уход за больными диабетом | Уход за больными с неврологическими заболеваниями | Уход за больными с психическими расстройствами | Уход за слабовидящими и слепыми | Уход за больными шизофренией | Уход за инвалидами-колясочниками | Реабилитация после перенесенного COVID-19 | Восстановление после инсульта | Восстановление после инфаркта | Реабилитация после различных видов перелома | Культурно-досуговая программа | Контроль состояния здоровья | Гигиенический уход | 5-ти разовое питание | Первая группа | Вторая группа | Третья группа | ЛФК | Психологическая служба,55.799714,38.185193
Климовский дом-интернат для престарелых и инвалидов,"Серпуховская ул., 1Б, микрорайон Климовск, Подольск",Yandex,4.4,63.0,3,0,False,,,55.355973,37.536845
Океан милосердия,"СНТ Ручеёк, 653",Yandex,5.0,62.0,4,0,False,,,,
Теплые беседы,"Советская ул., 2/14, п. г. т. Ильинский, Ворота открываются автоматически",Yandex,4.4,59.0,4,0,True,2050.0,Проживание и отдых для самостоятельных пожилых людей | Пансионат для пожилых людей в подмосковье | Пансионат Раменское для пожилых | Пансионат для пожилых с медицинским уходом | Пансионат для пожилых одноместное размещение | Пансионат для пожилых лежачих больных | Пансионат для лежачих пожилых людей | Пансионат для пожилых людей лежачих больных | Пансионат для пожилых лежачих больных в подмосковье | Пансионат для пожилых людей с реабилитацией | Пансионат для пожилых людей с реабилитационным уклоном | Пансионат для пожилых с реабилитацией | Пансионат для пожилых с реабилитацией после травмы | Дом престарелых люберцы | Дом престарелых Люберцы | Пансионат для пожилых люберцы | Пансионат для пожилых Люберцы | Пансионат люберцы для пожилых | Пансионат Люберцы для пожилых | Пансионат для пожилых людей Люберцы | Пансионат для пожилых в Люберцах | Пансионат для пожилых после инсульта | Пансионат для пожилых людей после инсульта | Пансионат для пожилых с инсультом | Дом престарелых | Пансионат для пожилых людей в Подмосковье | Уход за пожилыми с деменцией и болезнью Альцгеймера | Пансионат для пожилых людей с деменцией | Пансионат для пожилых с деменцией | Пансионат для пожилых с деменцией в подмосковье | Пансионат для лежачих пожилых людей с деменцией | Пансионаты для пожилых лежачих с деменцией | Пансионаты для пожилых лежачих больных после инсульта | Пансионат для лежачих пожилых после инсульта | Пансионаты для пожилых с переломом шейки бедра | Пансионаты для пожилых после перелома шейки бедра | Пансионат для пожилых людей с Альцгеймера | Частный пансионат для пожилых с Альцгеймером | Пансионат для пожилых с болезнью Паркинсона | Пансионат для пожилых людей с Паркинсона | Пансионат для пожилых с деменцией Раменское | Пансионат для пожилых со старческой деменцией | Пансионат для пожилых с альцгеймера | Пансионаты для пожилых людей с болезнью Альцгеймера | Пансионат для слабовидящих пожилых людей | Пансионаты для слабовидящих пожилых | Пансионат для пожилых людей с инсультом | Дом престарелых в москве | Дом престарелых в Москве | Дом престарелых в подмосковье | Дом престарелых ильинский | Дом престарелых Ильинский | Пансионат для пожилых людей | Пансионат для пожилых людей люберцы | Проживание и уход для лежачих больных | Пансионаты для малоподвижных пожилых людей | Пансионат для больных пожилых людей | Пансионат для пожилых инвалидов | Пансионат для пожилых Быково | Пансионаты для пожилых в ВАО | Пансионат для пожилых людей в Московской области | Пансионаты для лежачих пожилых в Подмосковье | Пансионат для пожилых людей Раменский район | Пансионат для пожилых после инсульта Подмосковье | Пансионат для пожилых после инфаркта | Пансионат для пожилых в Раменском районе | Пансионат для пожилых с депрессией | Пансионат для пожилых людей с болезнью паркинсона | Пансионат для пожилых с Паркинсоном | Пансионат для слепых пожилых людей | Пансионат для пожилых с болезнью Альцгеймера | Частный пансионат для пожилых,55.921576,36.845178
Золотая Осень,"д. Орловка, МЖСК Искра, 16",Yandex,4.7,59.0,3,0,False,,,,
Доброта,"Центральная ул., 12, корп. 8, посёлок Александровка",Yandex,4.7,57.0,6,0,True,2000.0,"Номер со всеми удобствами для пожилых | Восстановление после ковида, инсульта, инфаркта, травм | Массаж",,
Опека,"ул. Лескова, 6Б",Yandex,4.5,53.0,5,0,True,11000.0,"1-местное ""Всё включено"" | 1-местное Комфорт | 1-местное | 2-местное | 3-местное | 4-местное | 5-местное | Восстановление после перелома шейки бедра | Программа восстановительного лечения | Паллиативная помощь и выхаживание | АВП для пациентов с когнитивными нарушениями | АВП для пациентов с хронической сердечной недостаточностью | Восстановление после инсульта",,
Троицк-1,"Лесная ул., 52, корп. 7А",Yandex,4.7,53.0,7,1,True,1200.0,"Уход и реабилитация после инфаркта/инсульта | Уход при деменции, Альцгеймера | Уход за лежачими больными 24/7",,
Забота,"Голицыно, квартал Южный, 11",Yandex,4.7,50.0,5,1,True,2450.0,Пансионат для больных Альцгеймера | Пансионат для больных деменцией | Пансионат для больных сахарным диабетом | Пансионат для инвалидов по зрению | Пансионат для инвалидов | Пансионат для пожилых после инсульта | Пансионат для лежачих больных | Пансионат для больных Паркинсоном2 | Уход за больными после перелома шейки бедра | Пансионат для пожилых после инфаркта | Дом престарелых | Пансионат для пожилых людей в Подмосковье | Пансионат для пожилых людей | Пансионат для инвалидов-колясочников | Уход за пожилыми людьми,55.60593,36.964086
Лосиный Остров,"Озёрная ул., 80, д. Супонево",Yandex,4.8,49.0,7,0,False,,,55.878602,37.945445
Золотая пора,"посёлок Мещерино, СНТ Диалог, 10",Yandex,5.0,46.0,5,1,False,,,55.500651,37.822639
Пансионат Ховрино,"Бородинская ул., 10, д. Ховрино",Yandex,4.9,46.0,1,1,False,,,55.930291,37.650477
SM-pension пансионат для пожилых Лобня,"ул. Победы, 3В, Лобня",Yandex,4.9,45.0,3,0,True,2500.0,Пансионат для пожилых,56.054576,37.477917
Пансионат для пожилых Бабушки и Дедушки,"д. Дудкино, 35",Yandex,4.9,45.0,6,0,True,1750.0,Сиделка для пожилого человека | Уход за лежачими больными | Уход за больными | Пансионат для людей с деменцией | Пансионат для больных Альцгеймера | Уход за инвалидами,55.629175,37.45511
Теплые беседы,"д. Ащерино, 2/4, Ворота открываются по звонку",Yandex,4.7,45.0,7,0,True,2200.0,Пансионат для пожилых развилка | Ащерино пансионат для пожилых | Пансионат для пожилых ащерино | Пансионат для пожилых видное развилка | Дом престарелых | Пансионат для пожилых людей в подмосковье | Пансионат для пожилых людей в Подмосковье | Пансионат для пожилых развилка слобода ленинский район | Дом престарелых в москве | Дом престарелых в Москве | Дом престарелых в подмосковье | Пансионат для пожилых Ащерино | Пансионат для пожилых Видное Развилка | Пансионат для пожилых людей | Пансионат для пожилых Развилка | Пансионат для пожилых Развилка Слобода Ленинский район | Пансионат для пожилых развилка Слобода Ленинский район | Уход за пожилыми с деменцией и болезнью Альцгеймера | Уход за лежачими больными | Уход за самостоятельными пожилыми людьми | Частный пансионат для пожилых,55.455573,38.942247
Четыре сезона,"ул. Ноздрюхина, 22, село Ромашково",Yandex,4.4,44.0,9,0,False,,,55.736133,37.351364
Радость жизни,"Химки, микрорайон Клязьма-Старбеево, квартал Яковлево, 63А",Yandex,5.0,40.0,2,0,True,2900.0,Пансионат для больных с рассеянным склерозом | Пансионат для маломобильных пожилых людей в Москве | Уход за пожилыми с деменцией | Уход за лежачими больными | Пансионат для престарелых инвалидов | Пансионат для инвалидов-колясочников | Пансионат для пожилых людей с болезнью Паркинсона | Пансионаты для пожилых с медицинской лицензией | Частный дом престарелых и интернат для пожилых людей и инвалидов в Москве и области | Пансионат для пожилых с инсультом | Пансионат для лежачих пожилых | Пансионат для пожилых с болезнью Альцгеймера | Пансионат для пожилых людей с деменцией | Пансионат для психоневрологических больных | Пансионат для пожилых после инсульта | Пансионат для онкологических больных | Пансионат для больных деменцией | Пансионат для больных Паркинсоном | Пансионат для больных Альцгеймером | Пансионат для больных рассеянным склерозом | Пансионат для престарелых колясочников | Пансионат для лежачих больных | Пансионат для инвалидов | Реабилитация после черепно-мозговой травмы в Москве | Реабилитация после эндопротезирования | Реабилитация после перелома шейки бедра | Реабилитационный центр после инсульта,55.965253,37.452579
Ника,"Центральная ул., 35, д. Улиткино",Yandex,4.3,40.0,5,0,True,1800.0,4-х местный номер | 3-х местный номер | 2-х местный номер | 1 местный номер | 5-ти местный номер,55.934325,38.14264
Академия Долголетия,"ул. Кирова, 3А, микрорайон Сходня, Химки",Yandex,4.7,37.0,1,0,True,1700.0,Уход при болезни Альцгеймера | Уход при болезни Паркинсона у пожилых | Уход при деменции за пожилым человеком | Уход за маломобильными пожилыми | Уход за лежачими пожилыми людьми | Дом престарелых | Соляная комната | Реабилитация после перелома шейки бедра | Реабилитация после инсульта для пожилых | Реабилитация после инфаркта для пожилых | Осмотр врача-психиатра | Осмотр врача-гериатра,55.949864,37.300627
Пансионат Пирогово. Life,"Фабричный пр., 14, д. Пирогово",Yandex,4.9,34.0,6,0,True,800.0,Уход за пожилыми людьми | Уход за лежачими больными и инвалидами на коляске | Уход за пожилыми людьми с диабетом | Уход за пожилыми людьми с проблемами со зрением | Уход за пожилыми людьми с Альцгеймером (деменцией) | Уход за пожилыми людьми с психическими заболеваниями,55.979864,37.731053
SM-pension,"село Заворово, 1Ф",Yandex,4.7,34.0,3,0,True,1650.0,Размещение в многоместном номере | Размещение в трехместном номере | Размещение в двухместном номере | Размещение в одноместном номере,55.341311,38.233219
Дружный Берег,"1-я Радужная ул., 17, село Сельцо",Yandex,5.0,32.0,6,1,False,,,,
Ангел,"ул. 7-я Верхняя Линия, 28, микрорайон Никольско-Архангельский, Балашиха",Yandex,4.9,32.0,0,0,False,,,55.769442,37.889974
SM-pension,"Тихвинская ул., 10, село Петрово-Дальнее",Yandex,4.5,31.0,1,1,True,1650.0,Размещение в многоместном номере | Размещение в трехместном номере | Размещение в двухместном номере | Размещение в одноместном номере,55.746827,37.188473
Пансионат для пожилых людей Барвиха,"д. Барвиха, 14-1",Yandex,4.6,31.0,3,1,True,2150.0,Трехместное размещение | Двухместное размещение,55.741852,37.277752
Старшее поколение,"д. Писково, 14А",Yandex,4.6,31.0,3,1,True,,Комната 2 - местная | Комната 4 - местная | Комната 5 - местная | Все остальные,,
Пансионат Жизнь,"Апрелевская ул., 11, Апрелевка",Yandex,4.8,30.0,3,0,True,2900.0,Пансионат для пожилых людей,55.546577,37.065743
"Теплые беседы, пансионат для пожилых людей","Оранжерейная улица, 7",2GIS,4.9,30.0,18,5,True,2250.0,Дом престарелых | Пансионат для пожилых людей | Пансионат для пожилых людей в подмосковье | Частный пансионат для пожилых | Дом престарелых в подмосковье | Пансионат для пожилых людей в Подмосковье | Дом престарелых Долгопрудный | Пансионат для пожилых реутов | Дом престарелых реутов | Пансионат для пожилых людей реутов | Восток дом престарелых | Частный пансионат для пожилых реутов,55.718791,37.861792
"Опека Щукинский, пансионат","улица Габричевского, 5 к8",2GIS,4.9,30.0,8,3,True,11000.0,"5-местное | 4-местное | 3-местное | 2-местное | 1-местное | 1-местное Комфорт | 1-местное ""Всё включено"" | Восстановление после инсульта | АВП для пациентов с хронической сердечной недостаточностью | АВП для пациентов с когнитивными нарушениями | Паллиативная помощь и выхаживание | Программа восстановительного лечения | Восстановление после перелома шейки бедра",55.814275,37.456691
Доверие,"Рогожская ул., 7, Электроугли",Yandex,4.7,29.0,1,0,True,2000.0,Мини-квартира со всеми удобствами | 4-7 местные номера | 1-2 местные номера,55.715607,38.201998
"Опека, пансионат Опека Щукинский","улица Габричевского, 5 к10",2GIS,4.9,29.0,11,8,True,11000.0,"5-местное | 4-местное | 3-местное | 2-местное | 1-местное | 1-местное Комфорт | 1-местное ""Всё включено"" | Восстановление после инсульта | АВП для пациентов с хронической сердечной недостаточностью | АВП для пациентов с когнитивными нарушениями | Паллиативная помощь и выхаживание | Программа восстановительного лечения | Восстановление после перелома шейки бедра",55.815441,37.455045
100+,"1-й Лучевой просек, 3",Yandex,4.4,28.0,3,1,False,,,,
"Опека Алтуфьевский, пансионат","улица Лескова, 6Б",2GIS,4.8,27.0,13,3,True,11000.0,"5-местное | 4-местное | 3-местное | 2-местное | 1-местное | 1-местное Комфорт | 1-местное ""Всё включено"" | Восстановление после инсульта | АВП для пациентов с хронической сердечной недостаточностью | АВП для пациентов с когнитивными нарушениями | Паллиативная помощь и выхаживание | Программа восстановительного лечения | Восстановление после перелома шейки бедра",55.896795,37.593452
"Идиллия, пансионат для пожилых людей","Большая Филёвская улица, 11",2GIS,4.9,26.0,32,3,False,,,55.748984,37.502041
Тепло Сердец,"Кооперативная ул., 18, рабочий посёлок Монино",Yandex,4.4,25.0,6,0,False,,,55.846987,38.21272
Забота,"д. Редькино, территория Урочище Редькин Луг, 2В",Yandex,4.3,25.0,6,0,True,2900.0,Пансионат для пожилых с деменцией | Пансионат для пожилых после инфаркта | Пансионат для пожилых после инсульта | Пансионат для пожилых с медицинским уходом | Пансионат для пожилых с Альцгеймера | Пансионат для лежачих больных | Пансионат для пожилых с реабилитацией | Пансионат для слабовидящих | Пансионат для больных Паркинсоном | Пансионат для инвалидов-колясочников | Дом престарелых | Пансионат для пожилых людей в Подмосковье | Пансионат для пожилых людей | Пансионат после перелома шейки бедра | Уход за пожилыми людьми,,
Пансионат для пожилых людей Вгармонии,"Бронницы, коттеджный посёлок Бронницы, 40",Yandex,4.4,24.0,7,1,True,1300.0,Проживание в пансионате | Уход за пожилыми постояльцами | Лечебная физическая культура | Уход за лежачими | Реабилитация после инсульта | Реабилитация после замены тазобедренного сустава,55.447349,38.255714
Времена года,"Московская область, Богородский городской округ, село Балобаново, Полевая улица",Yandex,4.5,23.0,4,1,False,,,55.837349,38.255704
Пансионат для пожилых людей ДеЛор Домодедово,"Дачная ул., 33, д. Котляково",Yandex,4.7,23.0,6,0,False,,,,
Теплые беседы,"д. Лучинское, 33",Yandex,4.5,22.0,0,0,True,2100.0,Пансионат для пожилых в подольске | Пансионат для пожилых в Подольске | Дом престарелых в подольске | Дом престарелых подольск | Дом престарелых Подольск | Пансионат для пожилых подольск | Пансионат для пожилых Подольск | Дом престарелых | Пансионат для пожилых людей в подмосковье | Пансионат для пожилых людей в Подмосковье | Дом престарелых в москве | Дом престарелых в Москве | Дом престарелых в подмосковье | Дом престарелых в Подольске | Пансионат для пожилых людей | Пансионат для пожилых людей подольск | Пансионат для пожилых людей Подольск | Уход за пожилыми с деменцией и болезнью Альцгеймера | Уход за лежачими пожилыми | Уход за самостоятельными пожилыми людьми | Частный пансионат для пожилых,56.378111,37.335212
"Опека, Пансионат Опека Красногорский","Ивановское деревня, вл1 ст3",2GIS,4.9,21.0,14,2,True,11000.0,"5-местное | 4-местное | 3-местное | 2-местное | 1-местное | 1-местное Комфорт | 1-местное ""Всё включено"" | Восстановление после инсульта | АВП для пациентов с хронической сердечной недостаточностью | АВП для пациентов с когнитивными нарушениями | Паллиативная помощь и выхаживание | Программа восстановительного лечения | Восстановление после перелома шейки бедра",55.810654,37.300893
Теплые беседы,"СНТ Гавриково, 58, Ворота открываются по звонку",Yandex,4.3,20.0,2,0,True,2100.0,Дом престарелых бутово | Дом престарелых Бутово | Пансионат для пожилых бутово | Пансионат для пожилых Бутово | Бутово пансионат для пожилых людей | Дом престарелых | Пансионат для пожилых в Бутово | Пансионат для пожилых людей Бутово | Пансионат для пожилых людей в подмосковье | Дом престарелых в москве | Дом престарелых в Москве | Дом престарелых в подмосковье | Пансионат для пожилых в бутово | Пансионат для пожилых людей | Пансионат для пожилых людей бутово | Пансионат для пожилых людей в Подмосковье | Пансионат для пожилых людей люберцы | Частный пансионат для пожилых,,
Дом престарелых Эдем,"Северная ул., 2, п. г. т. Удельная",Yandex,4.8,20.0,5,1,True,1200.0,"Размещение для самостоятельных | Размещение лежачих | Уход за лежачими в Раменском | Дом престарелых в Москве | Размещение в пансионате для престарелых Эдем для нуждающихся в помощи при передвижении, уходе и гигиене. | Уход за пожилыми людьми | Частный дом престарелых в Москве | Пансионат для пожилых в Раменском | Дом престарелых",55.635169,38.062682
Пансионат для пожилых Медик,"Трубецкая ул., 69, Балашиха",Yandex,4.3,20.0,10,0,False,,,55.836448,37.96822
Ленинский,"Видное, деревня Тарычёво, 2/13",Yandex,4.2,20.0,4,0,False,,,55.562515,37.682491
Пансионат Круг Семьи,"Дорожная ул., 13, д. Старосъяново",Yandex,4.7,18.0,9,1,False,,,,
Виктория,"Полевая ул., 2",Yandex,4.7,18.0,5,1,False,,,,
Свято-Спиридоньевская богадельня,"наб. Шитова, 4, корп. 1",Yandex,4.4,18.0,0,0,False,,,,
"Академия Долголетия, пансионат для пожилых людей","Флотская улица, 76 к2",2GIS,4.3,17.0,21,6,False,,,55.858995,37.514676
"Академия Долголетия, пансионат для пожилых людей","Новая улица, 52",2GIS,4.3,17.0,21,6,False,,,55.687162,37.369007
"Академия Долголетия, пансионат для пожилых людей","улица Коккинаки, 3",2GIS,4.3,17.0,21,6,False,,,55.804553,37.544598
"Академия Долголетия, пансионат для пожилых людей","Бирюлёвская улица, 12 к3",2GIS,4.3,17.0,21,6,True,3000.0,Медицинская перевозка,55.59896,37.657946
"Доверие, пансионат для пожилых людей","Солнечная улица, 7",2GIS,5.0,15.0,24,3,False,,,55.649699,37.427542
Оазис,"Домодедово, территория Еленино, соор1/1",Yandex,4.6,14.0,3,0,False,,,55.24262,37.857911
"Бабушки и Дедушки, пансионат для пожилых","СНТ Круиз территория, 35",2GIS,5.0,14.0,25,0,False,,,55.628288,37.459478
Долголетие,"д. Малое Видное, ТЛПХ Подлипки, 89",Yandex,4.2,12.0,8,0,True,1800.0,Пансионат для пожилых | Пансионат Видное для пожилых людей | Пансионат для пожилых | Дом престарелых | Пансионаты для пожилых в Видном | Дом престарелых | Дом престарелых | Дом престарелых | Дом престарелых | Дом престарелых в Москве | Пансионат для больных Альцгеймером | Пансионат для больных деменцией | Пансионат для пожилых Видное | Пансионат для престарелых | Пансионат для престарелых | Пансионат для пожилых | Уход за больными пожилыми | Уход за пожилым инвалидом | Уход за пожилым человеком | Уход за пожилыми | Уход за пожилыми 80 лет | Уход за пожилыми,55.574623,37.750158
Виктория,"Московская область, Раменский городской округ, посёлок Денежниково",Yandex,4.4,11.0,7,0,False,,,55.487057,36.641268
Пансион24,"Пролетарская ул., 65, село Юдино",Yandex,3.2,10.0,1,1,True,1275.0,Размещение в 6-ти местном номере | Размещение в 3-х местном номере | Размещение в 2-х местном номере | Размещение в 1-местом номере | Уход за лежачими пожилыми | Уход за пожилыми с деменцией,55.670231,37.179409
Пансионат для пожилых людей Дом Пенино,"Московская ул., 6",Yandex,4.1,10.0,4,1,False,,,,
Пансионат для пожилых МСК,"Коммунистическая ул., 129, п. г. т. Ильинский",Yandex,4.4,9.0,1,0,True,2000.0,Пансионат для пожилых,55.630873,38.120406
Любимые люди,"Планерная ул., 35, микрорайон Авиационный, Домодедово",Yandex,4.4,8.0,2,0,False,,,55.411456,37.852548
Теплые беседы,"ул. Водопьянова, 16, Ворота открываются по звонку управляющей, есть заезд для маломобильных",Yandex,4.3,8.0,4,0,True,2100.0,Пансионат для пожилых алтуфьево | Пансионат для пожилых Алтуфьево | Дом престарелых алтуфьево | Дом престарелых Алтуфьево | Алтуфьево частный пансионат для пожилых | Дом престарелых | Пансионат для пожилых людей алтуфьево | Пансионат для пожилых людей Алтуфьево | Пансионат для пожилых людей в подмосковье | Дом престарелых в москве | Дом престарелых в Москве | Дом престарелых в подмосковье | Опека пансионат для пожилых алтуфьево | Опека пансионат для пожилых Алтуфьево | Пансионат для пожилых людей | Пансионат для пожилых людей в Подмосковье | Частный пансионат для пожилых,,
Пансионат для пожилых TG-group,"Центральная ул., 9, д. Ащерино",Yandex,4.3,7.0,7,1,False,,,55.588077,37.767618
Старость и в радость,"Московская область, Ленинский городской округ, Видное, район Расторгуево",Yandex,4.1,7.0,0,0,False,,,55.543716,37.669937
Бабушки и Дедушки,"Полевая ул., 25",Yandex,4.3,6.0,2,1,False,,,,
Любушка,"Боровая ул., 1А, Дедовск",Yandex,4.3,5.0,19,0,False,,,55.868849,37.116516
"Тропарево, социальный дом","улица Островитянова, 10 ст1",2GIS,2.3,4.0,0,0,False,,,55.639874,37.501314
"Лейкомед, пансионат","2-я Дубровская улица, 13 к1",2GIS,3.1,3.0,1,0,False,,,55.727144,37.672419
"Опора, пансионат","Ярославское шоссе, 87",2GIS,5.0,3.0,12,0,False,,,55.909941,37.772814
Осень жизни,"Петровский пр., 41, район Расторгуево, Видное",Yandex,4.1,3.0,2,0,False,,,55.539617,37.664004
"Западный, геронтологический центр","улица 7-я Лазенки, 12 к1",2GIS,1.0,2.0,0,0,False,,,55.660189,37.349142
Геронтологический центр,"16-я Парковая улица, 16",2GIS,1.0,2.0,0,0,False,,,55.800957,37.830341
Геронтологический центр Западный,"Нежинская улица, 2",2GIS,1.0,2.0,0,0,False,,,55.717177,37.47357
"Северное Тушино, геронтологический центр","улица Вилиса Лациса, 2 к1",2GIS,5.0,1.0,3,0,False,,,55.86689,37.432429
"Гармония жизни, дом престарелых","улица Кандинского, 2",2GIS,1.0,1.0,0,0,False,,,55.722824,37.342347
"Доктор Лиза, дом милосердия","Новая Басманная улица, 26 к2",2GIS,0.0,0.0,0,0,False,,,55.769423,37.666036
"Забота, пансионат для пожилых людей","Марксистская улица, 34 к4",2GIS,0.0,0.0,0,0,True,2600.0,"Непрерывное внутривенное (капельное) введение лекарственных препаратов | Наблюдение врача-психиатра на постоянной основе, 2 раза в месяц | Внутривенное введение лекарственных препаратов | Подкожная инъекция | Лежачий больной. Болезнь Паркинсона | Внутримышечное введение лекарственных препаратов | Прием (выезд, осмотр, консультация) врача-психиатра первичный | Самостоятельные, способные к самообслуживанию | Прием врача терапевта первичный | Прием (осмотр, консультация) врача терапевта (профилактический, 2 раза в месяц, комплексная услуга) | Комплекс для больных диабетом (аппаратное определение уровня глюкозы в крови и подкожное введение инсулина, не более 70 процедур) | Комплекс для больных диабетом (аппаратное определение уровня глюкозы в крови и подкожное введение инсулина, не более 20 процедур) | Прием врача терапевта повторный | Прием (осмотр, консультация) врача-психиатра повторный | Уход за стомой (цистостома, колостома, уростома) | Пансионат для лежачих пожилых людей | Реабилитация и восстановление после перелома шейки бедра | Пансионат для пожилых с болезнью Альцгеймера | Пансионаты для больных после инфаркта | Уход за престарелыми людьми | Восстановление после перелома шейки бедра | Пансионаты для больных сахарным диабетом | Пансионаты для инвалидов | Пансионаты для больных Паркинсоном | Пансионаты для пожилых людей с деменцией | Пансионаты для пожилых с реабилитацией после инсульта | Лежачие и тяжелобольные | Одноместный номер в Голицыно | Двухместный номер в Голицыно | Двухместный номер в Раменском | Двухместный номер в Шереметьевском | Вместе веселее | Трехместный номер в Раменском | Одноместный номер в Шереметьевском | Трехместный номер в Голицыно | Прием (осмотр, консультация) врача терапевта – (профилактический, 2 раза в месяц, комплексная услуга) | Пансионат «Новокосино» | пансионат «Раменский» | пансионат «Алтуфьевский» в Москве . | пансионат «Голицыно» | Прием врача терапевта – первичный | пансионат в Балашихе | пансионат «Шереметьевский» | Пансионат «Шереметьевский» | Пансионат «Алтуфьевский» | дом престарелых «Голицыно» | Прием врача терапевта –повторный | Пансионат «Голицыно» | пансионат «Балашиха» | Пансионат «Раменский»",55.735349,37.66303
"Счастье, пансионат для пожилых","Столярный переулок, 18",2GIS,0.0,0.0,0,0,False,,,55.764217,37.565188
"Любавушка, пансионат","Разинское шоссе, 52",2GIS,0.0,0.0,0,0,True,2875.0,Четырёх-местное размещение | Трёх-местное размещение | Двух-местное размещение | Одно-местное размещение,55.767867,37.925316
"Теплота и забота, пансионат для пожилых людей","Шипиловская улица, 1",2GIS,0.0,0.0,0,0,False,,,55.618212,37.697327
"Вековие, пансионат для пожилых","Амбулаторная улица, 80",2GIS,0.0,0.0,0,0,False,,,55.713502,37.375124
"Ангел, пансионат для пожилых людей","7-я Верхняя линия, 28",2GIS,0.0,0.0,0,0,False,,,55.769442,37.889974
"Дом Заботы, офис","Фармацевтический проезд, 3",2GIS,0.0,0.0,0,0,False,,,55.833708,37.517023
Комплексный центр социального обслуживания и реабилитации Одинцовский,"территория Больницы, ст2",2GIS,0.0,0.0,0,0,False,,,55.736002,37.336546
Свято-Спиридоньевская богадельня,"набережная Шитова, 4 к1",2GIS,0.0,0.0,0,0,False,,,55.800509,37.731195
"Люблино, геронтологический центр","Ставропольская улица, 27а",2GIS,0.0,0.0,0,0,False,,,55.684945,37.766255
Теплые Деньки,"Новая ул., 9, д. Пуговичино",Yandex,0.0,0.0,7,1,False,,,,
Пансионат для пожилых в Малаховке TG-group,"Моновский пр., 1, п. г. т. Малаховка",Yandex,0.0,0.0,0,0,False,,,55.641308,38.006239
"Четыре сезона, частный дом престарелых","улица Ноздрюхина, 22",2GIS,0.0,0.0,0,0,False,,,55.736133,37.351364
"Линия жизни, пансионат для пожилых людей","Московская улица, 17",2GIS,0.0,0.0,0,0,False,,,55.723702,37.362498
Услада жизни,"Солнечная улица, 6",2GIS,0.0,0.0,0,0,False,,,56.006112,37.804296
"Аппассионата, пансионат для пожилых","улица Семашко, 6",2GIS,0.0,0.0,0,0,False,,,55.926013,37.936048
"Вторая молодость, Офис","Игарский проезд, 11",2GIS,0.0,0.0,0,0,False,,,55.857793,37.64091
"Коньково, геронтологический центр","Профсоюзная улица, 140 к6",2GIS,0.0,0.0,0,0,False,,,55.630299,37.504717
"Югозападный, геронтологический центр","улица Островитянова, 16 к5",2GIS,0.0,0.0,0,0,True,173.0,"Индивидуальная психологическая диагностика 1 час. 00 мин. | Курс процедуры релаксации в сенсорной комнате 0 час. 30 мин. 1 час. 00 мин. | Индивидуальная психологическая консультация 1 час. 00 мин. | Стрижка волос 1 час. 00 мин. | Массажа (оздоровительный, стимулирующий, местный) 0 час.30 мин. 1 час. 00 мин. | Бальнеотерапия - Жемчужная ванна - Сидячая ванна - Скипидарная ванна - Арома-ванна 0 час.30 мин. | Водолечение | Проведение психокоррекционной работы 1 час. 00 мин. | Услуга педикюра (без покрытия) 1 час. 00 мин. | Сеанс лечебной сауны с медицинским сопровождением (индивидуальное посещение) 1 час. 00 мин. | Лечебно-физкультурный комплекс с инструктором, в том числе в бассейне 0 час. 30 мин. 1 час. 00 мин. | Услуга маникюра (без покрытия) 1 час. 00 мин. | Проведение оздоровительного комплекса «Горный воздух», «Соляная пещера» 0 час.30 мин. | Солярий 0 час.10 мин.",55.633488,37.506691
"Вторая молодость, центр для пожилых людей","Игарский проезд, 9 к1",2GIS,0.0,0.0,0,0,False,,,55.85764,37.641663
"Левобережный, геронтологический центр","Правобережная улица, 4 к1",2GIS,0.0,0.0,0,0,False,,,55.879481,37.454747
Академия Долголетия,"Флотская ул., 76, корп. 2",Yandex,0.0,0.0,0,0,True,3250.0,Осмотр врача-психиатра | Осмотр врача-гериатра | Клубный дом для людей пожилого возраста | Соляная комната,,
Дом престарелых в Троицке,"Москва, Троицк, жилой комплекс Академик",Yandex,0.0,0.0,0,0,False,,,55.492269,37.314798
Осень жизни,"Зелёная ул., 6, п. г. т. Лесной Городок",Yandex,0.0,0.0,0,0,False,,,55.644324,37.209325
"Добрые сердца, пансионат","д. Толмачёво, 21",Yandex,0.0,0.0,0,0,False,,,,
Альфа-Омега Групп,"ул. А.И. Нестеренко, 11, микрорайон Юбилейный, Королёв",Yandex,0.0,0.0,0,0,False,,,55.9339,37.856213
Пансионат Большая семья Пушкино 2,"Речная ул., 7А, Пушкино",Yandex,0.0,0.0,0,0,False,,,56.007609,37.81656
Большая семья,"Московская область, Пушкино, микрорайон Клязьма, квартал Спасский",Yandex,0.0,0.0,0,0,False,,,,
Светлица. Благополучие,"Надсоновская ул., 24, Пушкино",Yandex,0.0,0.0,0,0,True,990.0,Реабилитация пожилых после переломов | Реабилитация пожилых после травм | Пансионат для больных сахарным диабетом | Пансионат для онкологических больных | Пансионат для слабовидящих | Пансионат для пожилых с заболеваниями опорно-двигательного аппарата | Пансионат для пожилых с переломом шейки бедра | Пансионат для пожилых после инфаркта | Пансионат для пожилых после инсульта | Пансионат для пожилых с болезнями сердца | Пансионат для лежачих больных | Пансионат для пожилых с альцгеймером | Пансионат для пожилых с паркинсоном | Пансионат для пожилых с деменцией | Уход за пожилыми в послеоперационный период | Восстановление пожилых после КОВИД-19 COVID-19 | Восстановление пожилых после инфаркта | Восстановление пожилых после инсульта | Восстановление после операции в доме престарелых | Реабилитация пожилых после перелома шейки бедра | 1-местная палата | 2-местная палата | 3-местная палата | Пансионат для инвалидов | Пансионат с паллиативной помощью | Пансионат для инвалидов-колясочников | Перевозка лежачих больных в дом престарелых,56.003574,37.852955
Все пансионаты,"ул. Барклая, 6, стр. 25",Yandex,0.0,0.0,1,0,False,,,,
Река жизни,"Ильинское ш., 1А, Красногорск",Yandex,0.0,0.0,0,0,False,,,55.815277,37.353018
Пансионат Круг Семьи,"Дмитровское ш., 49, д. Красная Горка",Yandex,0.0,0.0,0,0,False,,,55.993824,37.532696
МедСервис Плюс,"Ленинский просп., 42, корп. 2",Yandex,0.0,0.0,0,0,False,,,,
Патриаршее подворье,"ул. Верхняя Слобода, 96, село Остров",Yandex,0.0,0.0,0,0,False,,,55.588769,37.853301
Стационарное отделение Дом-интернат малой вместимости для граждан пожилого возраста и инвалидов,"Школьная ул., 29, Ивантеевка",Yandex,0.0,0.0,0,0,False,,,55.966354,37.939325
Частный дом престарелых,"Первомайская ул., 34, Лыткарино",Yandex,0.0,0.0,0,0,False,,,55.586033,37.901377
Центр домашней заботы,"ул. Мира, 16/9, Мытищи",Yandex,0.0,0.0,0,0,False,,,55.914119,37.73065
GreenDay,"Чистопрудная ул., 151, д. Новинки",Yandex,0.0,0.0,0,0,False,,,,
Добрый Дом,"Менделеевская ул., 14, микрорайон Клязьма, Пушкино",Yandex,0.0,0.0,0,0,True,1800.0,"Проживание в доме для престарелых по программе ""Свой дом"" | Проживание в доме для престарелых по программе ""Care""",55.973849,37.830276
ГБУ Комплекс социальных жилых домов Департамента труда и социальной защиты населения города Москвы,"Пятницкое ш., 31, корп. 2, подъезд 1",Yandex,0.0,0.0,2,1,False,,,,
Пансионат для пожилых Климовск,"Большая Серпуховская ул., 199Д, посёлок Железнодорожный",Yandex,0.0,0.0,0,0,True,1800.0,Палаты с многофункциональными кроватями для маломобильных постояльцев,55.390408,37.550275
Пансионат Раменское,,Bookpansion,4.8,25.0,,,True,1300.0,реабилитация | альцгеймер | сиделка | круглосуточный уход | диетолог | 5-разовое питание | прогулки | инсульт | перелом,,
Пансионат Ховрино,,Bookpansion,5.0,18.0,,,True,1040.0,реабилитация | альцгеймер | круглосуточный уход | 5-разовое питание | прогулки | восстановление | инсульт | перелом,,
Пансионат Life Pension в Истре,,Bookpansion,0.0,0.0,,,True,1600.0,реабилитация | круглосуточный уход | психолог | 5-разовое питание | прогулки | восстановление | инсульт,,
Пансионат Life Pension Химки,,Bookpansion,0.0,0.0,,,True,1600.0,реабилитация | альцгеймер | круглосуточный уход | психолог | 5-разовое питание | прогулки | инсульт | перелом,,
Частный пансионат «Благо-Дать»,,Bookpansion,0.0,0.0,,,True,1200.0,альцгеймер | круглосуточный уход | 5-разовое питание | прогулки | инсульт,,
Пансионат Десна,,Bookpansion,4.8,15.0,,,True,900.0,деменция | альцгеймер | круглосуточный уход | 5-разовое питание | прогулки | инсульт,,
Реабилитационно-восстановительный центр «Доброта» Нагатино,,Bookpansion,4.7,15.0,,,True,5000.0,реабилитация | альцгеймер | круглосуточный уход | лфк | массаж | психолог | 5-разовое питание | прогулки | восстановление | инсульт | перелом | капельницы,,
Пансионат «Вместе» г. Видное,,Bookpansion,4.7,14.0,,,True,2000.0,альцгеймер | круглосуточный уход | 5-разовое питание | прогулки | инсульт,,
Пансионат Щелково Краснознаменское,,Bookpansion,4.8,13.0,,,True,1040.0,реабилитация | альцгеймер | сиделка | круглосуточный уход | лфк | 5-разовое питание | прогулки | восстановление | инсульт | перелом,,
Пансионат Федоскино,,Bookpansion,4.8,12.0,,,True,1040.0,реабилитация | альцгеймер | круглосуточный уход | диетолог | 5-разовое питание | прогулки | инсульт | перелом,,
Пансионат «Стар-че»,,Bookpansion,4.7,10.0,,,True,1200.0,реабилитация | альцгеймер | круглосуточный уход | лфк | 5-разовое питание | прогулки | инсульт | перелом,,
Пансионат с реабилитацией «Доброта» в Кратово,,Bookpansion,4.9,7.0,,,True,2500.0,реабилитация | альцгеймер | медицинский уход | круглосуточный уход | лфк | психолог | 5-разовое питание | прогулки | восстановление | инсульт | перелом,,
Пансионат Река жизни в Вялках,,Bookpansion,4.0,5.0,,,True,1000.0,реабилитация | деменция | альцгеймер | круглосуточный уход | психолог | 5-разовое питание | прогулки | перелом,,
Пансионат для пожилых Пушкино,,Bookpansion,4.8,4.0,,,True,1300.0,круглосуточный уход | 5-разовое питание | прогулки | инсульт,,
Пансионат  Мытищи,,Bookpansion,4.5,1.0,,,True,1300.0,реабилитация | альцгеймер | круглосуточный уход | психолог | 5-разовое питание | прогулки | восстановление | инсульт,,
